seq,t_offset_s,device_id,lat,lon,true_label
0,0.0,device_A,41.1403607,-8.6129818,NORMAL
0,0.0,device_B,41.1403462,-8.6129612,NORMAL
1,15.0,device_A,41.1403601,-8.6133881,NORMAL
1,15.0,device_B,41.1403538,-8.6133878,NORMAL
2,30.0,device_A,41.1402868,-8.6142359,NORMAL
2,30.0,device_B,41.1402932,-8.6142202,NORMAL
3,45.0,device_A,41.1403507,-8.6147723,NORMAL
3,45.0,device_B,41.1403767,-8.6147578,NORMAL
4,60.0,device_A,41.1404419,-8.6159094,NORMAL
4,60.0,device_B,41.1404586,-8.6159165,NORMAL
5,75.0,device_A,41.140609,-8.6165899,NORMAL
6,90.0,device_A,41.1414248,-8.6184919,NORMAL
7,105.0,device_A,41.1427855,-8.6206418,NORMAL
8,120.0,device_A,41.1441062,-8.6225527,NORMAL
9,135.0,device_A,41.1448106,-8.6250486,NORMAL
9,135.0,device_B,41.1448142,-8.6250766,NORMAL
10,150.0,device_A,41.1447152,-8.6274252,NORMAL
10,150.0,device_B,41.1447366,-8.6274472,NORMAL
11,165.0,device_A,41.1451865,-8.6300613,NORMAL
11,165.0,device_B,41.1451841,-8.6300755,NORMAL
12,180.0,device_A,41.1464783,-8.6318829,NORMAL
12,180.0,device_B,41.1464519,-8.6319209,NORMAL
13,195.0,device_A,41.1473276,-8.6325871,NORMAL
13,195.0,device_B,41.1472457,-8.6321514,SPOOFING
14,210.0,device_A,41.1487685,-8.6312591,NORMAL
14,210.0,device_B,41.1485326,-8.631085,SPOOFING
15,225.0,device_A,41.1506156,-8.6297332,NORMAL
15,225.0,device_B,41.1504788,-8.6294996,SPOOFING
16,240.0,device_A,41.1520609,-8.6288068,NORMAL
16,240.0,device_B,41.152064,-8.6293976,SPOOFING
17,255.0,device_A,41.1524639,-8.6285884,NORMAL
17,255.0,device_B,41.1524549,-8.628594,NORMAL
18,270.0,device_A,41.152656,-8.6287425,NORMAL
18,270.0,device_B,41.1526713,-8.6287556,NORMAL
19,285.0,device_A,41.1527855,-8.630428,NORMAL
19,285.0,device_B,41.1527751,-8.6304439,NORMAL
20,300.0,device_A,41.1527752,-8.6327007,NORMAL
20,300.0,device_B,41.1527865,-8.6326815,NORMAL
21,315.0,device_A,41.1525484,-8.6351346,NORMAL
22,330.0,device_A,41.1530071,-8.6376902,NORMAL
23,345.0,device_A,41.1535813,-8.640358,NORMAL
24,360.0,device_A,41.1540187,-8.6421924,NORMAL
25,375.0,device_A,41.1545167,-8.6440741,NORMAL
25,375.0,device_B,41.1545138,-8.6440579,NORMAL
26,390.0,device_A,41.1543504,-8.6464521,NORMAL
26,390.0,device_B,41.1543255,-8.6464553,NORMAL
27,405.0,device_A,41.1542903,-8.6486097,NORMAL
27,405.0,device_B,41.1545196,-8.6485458,SPOOFING
28,420.0,device_A,41.1543383,-8.649521,NORMAL
28,420.0,device_B,41.1545508,-8.6496122,SPOOFING
29,435.0,device_A,41.1543699,-8.6498332,NORMAL
29,435.0,device_B,41.1540561,-8.6502077,SPOOFING
30,450.0,device_A,41.154298,-8.6498471,NORMAL
30,450.0,device_B,41.1544927,-8.6497755,SPOOFING
31,465.0,device_A,41.1542881,-8.6498874,NORMAL
31,465.0,device_B,41.1542974,-8.6498982,NORMAL
32,480.0,device_A,41.1543056,-8.6499383,NORMAL
33,495.0,device_A,41.1542549,-8.6499199,NORMAL
34,510.0,device_A,41.1417268,-8.5993856,NORMAL
35,525.0,device_A,41.1405557,-8.5965084,NORMAL
36,540.0,device_A,41.1542844,-8.6500719,NORMAL
36,540.0,device_B,41.1542957,-8.6500581,NORMAL
37,555.0,device_A,41.1538047,-8.6503831,NORMAL
37,555.0,device_B,41.1538224,-8.6503985,NORMAL
38,570.0,device_A,41.1538461,-8.6503812,NORMAL
38,570.0,device_B,41.1538493,-8.6503959,NORMAL
39,585.0,device_A,41.1537844,-8.6503625,NORMAL
39,585.0,device_B,41.1537829,-8.6503445,NORMAL
40,600.0,device_A,41.153162,-8.6498996,NORMAL
40,600.0,device_B,41.1531656,-8.6498937,NORMAL
41,615.0,device_A,41.1525795,-8.6493878,NORMAL
41,615.0,device_B,41.152562,-8.6493825,NORMAL
42,630.0,device_A,41.1523845,-8.6491851,NORMAL
42,630.0,device_B,41.1523571,-8.649184,NORMAL
43,645.0,device_A,41.1512063,-8.6496923,NORMAL
43,645.0,device_B,41.1511972,-8.6496955,NORMAL
44,660.0,device_A,41.150467,-8.6491119,NORMAL
44,660.0,device_B,41.150468,-8.6491377,NORMAL
45,675.0,device_A,41.1490591,-8.6491195,NORMAL
45,675.0,device_B,41.1490489,-8.6491059,NORMAL
46,690.0,device_A,41.1482625,-8.6486325,NORMAL
46,690.0,device_B,41.148264,-8.6486205,NORMAL
47,705.0,device_A,41.1482099,-8.6484008,NORMAL
47,705.0,device_B,41.1482354,-8.6484478,NORMAL
48,720.0,device_A,41.1484167,-8.6475936,NORMAL
48,720.0,device_B,41.1484207,-8.6475652,NORMAL
49,735.0,device_A,41.1483963,-8.6459531,NORMAL
49,735.0,device_B,41.1484237,-8.6459206,NORMAL
50,750.0,device_A,41.1481303,-8.6438781,NORMAL
50,750.0,device_B,41.1480829,-8.6435046,SPOOFING
51,765.0,device_A,41.148014,-8.6427469,NORMAL
51,765.0,device_B,41.1481594,-8.6425912,SPOOFING
52,780.0,device_A,41.1483719,-8.6409341,NORMAL
52,780.0,device_B,41.1480882,-8.6413525,SPOOFING
53,795.0,device_A,41.1483351,-8.6377612,NORMAL
53,795.0,device_B,41.1486015,-8.637621,SPOOFING
54,810.0,device_A,41.1479769,-8.6353412,NORMAL
54,810.0,device_B,41.1475976,-8.6356511,SPOOFING
55,825.0,device_A,41.1471668,-8.6332798,NORMAL
55,825.0,device_B,41.1472833,-8.6329993,SPOOFING
56,840.0,device_A,41.1461472,-8.6315006,NORMAL
56,840.0,device_B,41.1462362,-8.6311668,SPOOFING
57,855.0,device_A,41.1450233,-8.6297877,NORMAL
57,855.0,device_B,41.1447676,-8.6294431,SPOOFING
58,870.0,device_A,41.144627,-8.627809,NORMAL
58,870.0,device_B,41.1446601,-8.627802,NORMAL
59,885.0,device_A,41.1447858,-8.6259766,NORMAL
59,885.0,device_B,41.144769,-8.6259831,NORMAL
60,900.0,device_A,41.1444741,-8.6240732,NORMAL
60,900.0,device_B,41.1444542,-8.6240772,NORMAL
61,915.0,device_A,41.1433995,-8.6213285,NORMAL
61,915.0,device_B,41.1434159,-8.6213224,NORMAL
62,930.0,device_A,41.1419457,-8.6194658,NORMAL
62,930.0,device_B,41.1419526,-8.6194232,NORMAL
63,945.0,device_A,41.1408761,-8.6173443,NORMAL
63,945.0,device_B,41.1408653,-8.6173789,NORMAL
64,960.0,device_A,41.1405334,-8.6159826,NORMAL
64,960.0,device_B,41.1405125,-8.6159751,NORMAL
