lat,lon
41.140359,-8.612964
41.14035,-8.613378
41.140278,-8.614215
41.140368,-8.614773
41.140449,-8.615907
41.140602,-8.616609
41.141412,-8.618472
41.142789,-8.620623
41.144094,-8.622558
41.144805,-8.62506
41.144733,-8.627436
41.145174,-8.630082
41.146461,-8.6319
41.147316,-8.632584
41.148774,-8.631252
41.150628,-8.629713
41.152077,-8.628804
41.152464,-8.628579
41.152662,-8.62875
41.15277,-8.630424
41.152779,-8.632683
41.152563,-8.635131
41.153013,-8.637705
41.15358,-8.64036
41.154021,-8.642205
41.154507,-8.644068
41.154336,-8.646453
41.1543,-8.648613
41.154336,-8.649504
41.154354,-8.649837
41.1543,-8.649837
41.154282,-8.649882
41.1543,-8.649936
41.154264,-8.6499
41.141736,-8.599383
41.140566,-8.59653
41.154291,-8.65008
41.153814,-8.650395
41.153832,-8.650377
41.153787,-8.650359
41.153166,-8.649891
41.152572,-8.649369
41.152374,-8.649198
41.151213,-8.649711
41.150466,-8.649117
41.149062,-8.649117
41.148261,-8.648613
41.148225,-8.648424
41.148405,-8.647587
41.148414,-8.64594
41.148135,-8.643861
41.148027,-8.642763
41.14836,-8.640918
41.148351,-8.637759
41.147964,-8.635338
41.147172,-8.633277
41.146146,-8.631513
41.14503,-8.629776
41.144643,-8.627814
41.144769,-8.625996
41.144463,-8.624088
41.143401,-8.621325
41.141961,-8.619444
41.140863,-8.617365
41.14053,-8.61597
